Date,rstar,g,z,output gap,real rate gap,,,All results are output from the Stage 3 model.,,,,,,,,,,,,,,,Standard Errors,Date,y*,r*,g
1961-01-01,5.46963647476911,4.93559539015091,0.00497510690647129,-3.83851781359374,-3.6489526478859,,,Parameter Point Estimates,,,,,,,,,,,,,,,,1961-01-01,1.40545199647325,1.33036948429062,0.536147684049305
1961-04-01,5.68335360705028,5.122757936405,0.0114669998443762,-3.54011766863687,-3.81133347575944,,,a_y1,a_y2,a_r,b_pi,b_y,sigma_ygap,sigma_pi,sigma_ystar,phi,c,kappa2020Q2-Q4,kappa2021,kappa2022,a_y1 + a_y2,,,1961-04-01,1.40970427674941,1.3196697743904,0.524449062005647
1961-07-01,5.59048591941041,5.03640543930301,0.0142082747773729,-2.77495069737563,-3.76093343781353,,,1.41016125715748,-0.476954152374018,-0.0696730979484194,0.686109726592863,0.0812732162090999,0.444084712839435,0.795308145677416,0.501041527026515,-0.110976527035056,1.10719395247987,7.57075776579269,1.59680829389372,2.10744770920623,0.93320710478346,,,1961-07-01,1.41164979590214,1.30967181025827,0.513882556462632
1961-10-01,5.56395464064377,5.01524098777788,0.0111101487469105,-2.08080618709016,-3.64805079053311,,,T Statistics,,,,,,,,,,,,,,,,1961-10-01,1.41024135611339,1.3005067965252,0.504105695147373
1962-01-01,5.37995765320395,4.84673423932441,0.0136828141468192,-1.24025742738399,-3.6632858395828,,,13.645649584695,4.50671956951981,4.07657524464547,16.4890777959901,3.04678018412097,4.67507300429087,28.8724521115212,6.35762904877695,2.82338050857488,3.329865788573,2.34267090471374,0.872933254751219,1.29985272432874,,,,1962-01-01,1.40086799177091,1.29258496971471,0.494740449930019
1962-04-01,4.84731489492006,4.37177968828953,0.00690686247153304,-0.620859214048778,-3.18585091455352,,,,,,,,,,,,,,,,,,,1962-04-01,1.38280384746865,1.2878945467516,0.48564217418033
1962-07-01,4.7378051435334,4.2761130376362,0.00331864814224997,-0.29720240872382,-2.97099777002592,,,,,,,,,,,,,,,,,,,1962-07-01,1.36736858852572,1.28470413017282,0.476688596056376
1962-10-01,4.28593153502081,3.88218719900618,-0.0124026541136177,-0.158598296730133,-2.46650568169008,,,Average Standard Errors,,,,,,,,,,,,,,,,1962-10-01,1.37095333610687,1.28541368720887,0.468143765488979
1963-01-01,4.27096875052178,3.86349983987511,-0.00667490759490114,0.038927881935706,-2.4115258942593,,,y*,r*,g,,,,,,,,,,,,,,1963-01-01,1.37111541309132,1.2869773047087,0.460241876407622
1963-04-01,4.23764511737768,3.83020718067417,-0.00313710980975128,0.302847727746666,-2.37305318640326,,,1.51814392515393,1.18970822031369,0.409536977075514,,,,,,,,,,,,,,1963-04-01,1.37540735544244,1.28946271402472,0.453246552217919
1963-07-01,4.56667949896057,4.11977849907979,0.00528565922281493,0.697469912992347,-2.32611367529498,,,,,,,,,,,,,,,,,,,1963-07-01,1.35880698742551,1.28996190501728,0.446826962529815
1963-10-01,4.29404302817172,3.86972344211872,0.00950863528827493,1.13014458321607,-2.25597112761157,,,Restrictions on MC draws: a_3 < -0.0025; b_2 > 0.025; a_1 + a_2 < 1,,,,,,,,,,,,,,,,1963-10-01,1.37212917271712,1.29340338415717,0.441386386437745
1964-01-01,4.60123211169986,4.14531698522755,0.0115622145438153,1.35489245640088,-2.65516221073281,,,Draws excluded:,,136,Total:,5000,,,,,,,,,,,,1964-01-01,1.36310289615277,1.29444993351469,0.436419801547506
1964-04-01,4.51721158393956,4.08428920793868,-0.00488872726896328,1.52797928693042,-2.48960406083357,,,Percent excluded:,,0.0264797507788162,,,,,,,,,,,,,,1964-04-01,1.36776588068104,1.29691341444294,0.432181722715203
1964-07-01,4.61744545101033,4.18143643207575,-0.0122156792629728,1.68003868024641,-2.48377047352198,,,Draws excluded because a_r > -0.0025:,,,,0,,,,,,,,,,,,1964-07-01,1.37006281908675,1.29883808300029,0.428398097101486
1964-10-01,4.36125105412692,3.964820454257,-0.0285741754949412,1.64868541843418,-1.78226058963333,,,Draws excluded because b_y <  0.025:,,,,130,,,,,,,,,,,,1964-10-01,1.38099755988489,1.30369245774155,0.425711262271041
1965-01-01,4.7438746470859,4.29523760180552,-0.0117864500973225,1.90367847833477,-1.83509354889,,,Draws excluded because a_y1 + a_y2 < 1:,,,,7,,,,,,,,,,,,1965-01-01,1.38458137538488,1.30397316907798,0.423004252289269
1965-04-01,4.71399792556177,4.27675744672003,-0.0212020556699206,2.11212305554272,-1.71051628249751,,,,,,,,,,,,,,,,,,,1965-04-01,1.39647258916235,1.3041504903499,0.420750926257976
1965-07-01,4.96972794311434,4.5064185983122,-0.0197514762797637,2.3654572149718,-1.9997182610825,,,Signal-to-noise Ratios,,,,Log Likelihood,,,,,,,,,,,,1965-07-01,1.42532943176287,1.3004291110246,0.41830215606559
1965-10-01,5.18860429748887,4.70116666337849,-0.0164990018037853,2.77125291811058,-2.20127190258245,,,lambda_g,0.0694152937140735,,,-598.94302764726,,,,,,,,,,,,1965-10-01,1.47985337878996,1.29315444909219,0.4155528831892
1966-01-01,5.41903229146296,4.88953277229616,0.00537117552449778,3.35107484658749,-2.13911355789761,,,lambda_z,0.0179930894699367,,,,,,,,,,,,,,,1966-01-01,1.56007170289644,1.2826160670421,0.41245336204466
1966-04-01,5.15622096672712,4.62084450079765,0.0400498800940752,3.68888063884287,-1.99952739162559,,,,,,,,,,,,,,,,,,,1966-04-01,1.53290250518189,1.27500502530025,0.409991049857002
1966-07-01,5.14120468694119,4.5987218751257,0.049527637665099,3.5053801230348,-1.96552030565749,,,,,,,,,,,,,,,,,,,1966-07-01,1.53528438565887,1.26696212822957,0.40772261624478
1966-10-01,5.11957712374414,4.57182321899011,0.0576821038712222,3.31509348039322,-2.31162525966991,,,State vector: [y_{t}* y_{t-1}* y_{t-2}* g_{t} g_{t-1} g_{t-2} z_{t} z_{t-1} z_{t-2}],,,,,,,,,,,,,,,,1966-10-01,1.54435359358091,1.25855381481197,0.40559104054257
1967-01-01,5.08499017073097,4.58929252016124,0.00375324624732205,2.76722918546955,-3.12220891724074,,,Initial State Vector,,,,,,,,,,,,,,,,1967-01-01,1.55565608373658,1.2499007424168,0.40354585480401
1967-04-01,4.85775712491684,4.39550504235797,-0.00891947607669147,2.42659870782279,-3.62812006626647,,,818.324113219182,817.163322834766,816.002626842962,1.16079038441619,1.16069599180424,1.16064878259632,0,0,0,,,,,,,,1967-04-01,1.52232415076494,1.24347037350971,0.401868530094216
1967-07-01,4.87989672188134,4.39057059645843,0.0186835095466143,2.39589177243647,-3.83411713836236,,,,,,,,,,,,,,,,,,,1967-07-01,1.52605493700845,1.23622517340637,0.400259036408881
1967-10-01,4.80822875181207,4.30918285071255,0.0371275593731472,2.45539825242804,-3.60905548509533,,,Initial Covariance Matrix,,,,,,,,,,,,,,,,1967-10-01,1.52055539938961,1.22908739660204,0.398868469875715
1968-01-01,5.03304310328238,4.47649495595458,0.0766949597428,2.85000920876325,-3.76359704255341,,,0.64993840333519,0.2,0,0.2,0.2,0,0,0,0,,,,,,,,1968-01-01,1.5736151209743,1.21857951782956,0.397435658142247
1968-04-01,5.09532786539338,4.52186067453881,0.0887510725874478,3.24289255286942,-3.03789026295615,,,0.2,0.2,0,0,0,0,0,0,0,,,,,,,,1968-04-01,1.61430269100229,1.20694266867617,0.396168521229184
1968-07-01,4.95866976106367,4.4156842230865,0.069650893201498,3.25752708590369,-3.14743834359406,,,0,0,0.2,0,0,0,0,0,0,,,,,,,,1968-07-01,1.59833581653634,1.19649882107433,0.395187366418695
1968-10-01,4.8036327065159,4.28357140156805,0.0608883556840204,3.06542174685558,-3.17939433696178,,,0.2,0,0,0.20120432394787,0.2,0,0,0,0,,,,,,,,1968-10-01,1.56830679612902,1.18720772491898,0.394445160282084
1969-01-01,4.93242751339819,4.41693597311279,0.0420227154768928,2.92518493448802,-2.56380138838711,,,0.2,0,0,0.2,0.2,0,0,0,0,,,,,,,,1969-01-01,1.60859234872874,1.17586276941825,0.393830962096893
1969-04-01,4.737553684015,4.24477603054372,0.037763333365464,2.82824496848639,-0.471000998988232,,,0,0,0,0,0,0.2,0,0,0,,,,,,,,1969-04-01,1.58404843633387,1.16642292171854,0.393373248954025
1969-07-01,4.69191200650843,4.22059503055141,0.0188947128152909,2.46275208822249,0.259476316854433,,,0,0,0,0,0,0,0.213175644931409,0.2,0,,,,,,,,1969-07-01,1.58416897475412,1.15724108923627,0.392948017592274
1969-10-01,4.41070101466915,3.98324887646297,0.000471947427088615,1.84961868842163,0.485470295099701,,,0,0,0,0,0,0,0.2,0.2,0,,,,,,,,1969-10-01,1.53292330885749,1.15092398097972,0.392404930376936
1970-01-01,4.26703862079114,3.88244296651784,-0.0315787525854391,1.02239782541494,0.212465374760074,,,0,0,0,0,0,0,0,0,0.2,,,,,,,,1970-01-01,1.50847655285305,1.14572569791804,0.391773973025946
1970-04-01,4.19139985945292,3.81853790779083,-0.0364622193682396,0.445041394917212,-0.389531022324316,,,,,,,,,,,,,,,,,,,1970-04-01,1.49920293459901,1.14106646839717,0.391154666827088
1970-07-01,4.25371680941523,3.87888770125826,-0.0409641957664758,0.141128449896769,-1.69482053808967,,,,,,,,,,,,,,,,,,,1970-07-01,1.51458138498319,1.13585474985541,0.390596894308594
1970-10-01,3.84106380049412,3.46693507433141,0.00249425255401931,-0.048600955900838,-2.74477648871949,,,,,,,,,,,,,,,,,,,1970-10-01,1.46203387379446,1.13500199679288,0.389958877784172
1971-01-01,4.31424843846675,3.88132092039161,0.0168733877755313,0.0757977540833963,-5.206617818876,,,,,,,,,,,,,,,,,,,1971-01-01,1.52147252396905,1.12911807170273,0.389622213096894
1971-04-01,4.06277309853449,3.68977803952006,-0.0225268328151688,0.326924039714527,-4.21767005784845,,,,,,,,,,,,,,,,,,,1971-04-01,1.500534687439,1.1258883841381,0.389301350830088
1971-07-01,3.91829474539808,3.61905688143309,-0.0887031474053113,0.322452654462722,-2.93825472587735,,,,,,,,,,,,,,,,,,,1971-07-01,1.48103565133593,1.12391879473537,0.388977440192725
1971-10-01,3.62027230481599,3.46953970675016,-0.221181076386585,-0.111529563434942,-2.58963455089201,,,,,,,,,,,,,,,,,,,1971-10-01,1.44844006839307,1.12403427664845,0.388665984934695
1972-01-01,3.84593729857111,3.61348020492331,-0.154886131725719,0.432188603156192,-3.77539881511268,,,,,,,,,,,,,,,,,,,1972-01-01,1.45038925943882,1.12177290737656,0.388522472401255
1972-04-01,4.00335738307476,3.8078836484235,-0.212708364206747,0.79510765887494,-2.68384931609638,,,,,,,,,,,,,,,,,,,1972-04-01,1.46768608080994,1.11722150800996,0.388509197394071
1972-07-01,3.86935554753869,3.69177691680414,-0.218157528651655,1.25237777107066,-1.88998010305789,,,,,,,,,,,,,,,,,,,1972-07-01,1.44451022540951,1.11352615384212,0.388504625855228
1972-10-01,3.9614329790984,3.80251934260747,-0.248693441224339,1.44223113534918,-1.60746791122324,,,,,,,,,,,,,,,,,,,1972-10-01,1.4490395435319,1.10790436634721,0.388604099345323
1973-01-01,4.24209838123768,4.04425779055293,-0.235679386732141,1.96302489686343,-0.137335946613361,,,,,,,,,,,,,,,,,,,1973-01-01,1.49893175080939,1.09913899998847,0.389086941201127
1973-04-01,4.30345850676695,3.94608375357204,-0.065621561167093,2.90899086586148,0.521702150227179,,,,,,,,,,,,,,,,,,,1973-04-01,1.50193337850438,1.09085946477319,0.389916502303669
1973-07-01,4.00555745148949,3.665896942426,-0.0533014735790408,2.5978913546993,3.29949240563478,,,,,,,,,,,,,,,,,,,1973-07-01,1.44931302689573,1.08515148513743,0.390724095422591
1973-10-01,4.19704531372361,3.79001965203481,0.000758475210788728,2.25271056473935,1.71751004467023,,,,,,,,,,,,,,,,,,,1973-10-01,1.46189423854853,1.07790556386764,0.391972244058041
1974-01-01,3.96821774242443,3.50694171752564,0.085353081080654,1.84649396260318,0.198876330706624,,,,,,,,,,,,,,,,,,,1974-01-01,1.42514198363023,1.07313643551657,0.393055126678606
1974-04-01,4.15960074193902,3.45852644081637,0.33034118217539,2.05057018585615,1.06157359994175,,,,,,,,,,,,,,,,,,,1974-04-01,1.42450105149585,1.0682133115303,0.394209660912786
1974-07-01,3.99360608305849,3.15675904332939,0.498461560848043,1.93053076134061,0.701499199321045,,,,,,,,,,,,,,,,,,,1974-07-01,1.39748373313265,1.06576097793499,0.394740698371399
1974-10-01,3.86376187947813,3.07907345245826,0.454630373675016,0.963539960325761,-3.31479156720194,,,,,,,,,,,,,,,,,,,1974-10-01,1.39025982373352,1.06435799133368,0.394748914072692
1975-01-01,3.39832084185138,2.81320741346158,0.283554606595173,-0.358209433340676,-6.41454810511758,,,,,,,,,,,,,,,,,,,1975-01-01,1.39541932707325,1.06589063108638,0.393915032488285
1975-04-01,3.30837691262181,2.90090200719805,0.096515753515391,-1.18645196595844,-6.3412443270501,,,,,,,,,,,,,,,,,,,1975-04-01,1.39817445262739,1.06710717941118,0.393140251705782
1975-07-01,3.3581003157981,3.0192237629122,0.0152340243181849,-0.910368883204342,-4.26982002919227,,,,,,,,,,,,,,,,,,,1975-07-01,1.39440575112112,1.06762432617614,0.392607005454618
1975-10-01,3.31729581802442,2.98286142962286,0.0146896820605109,-0.176900620318179,-4.2255711601823,,,,,,,,,,,,,,,,,,,1975-10-01,1.39619538455967,1.0686240634803,0.392056878633191
1976-01-01,3.48370438949949,3.15555931711171,-0.010111803098118,0.521456431412048,-4.59452429865672,,,,,,,,,,,,,,,,,,,1976-01-01,1.39735996662307,1.06848134727914,0.39168288602174
1976-04-01,3.21441195035076,3.0230891233151,-0.132734044791408,0.716310656287192,-3.60979366903576,,,,,,,,,,,,,,,,,,,1976-04-01,1.39902468679351,1.07034630677131,0.390920022189397
1976-07-01,3.12742286986935,2.88403107570826,-0.0657588959188676,1.24758560679811,-3.49449654137238,,,,,,,,,,,,,,,,,,,1976-07-01,1.41150562706063,1.07371027249834,0.389917746245399
1976-10-01,3.08144253511148,2.83948659986321,-0.0624198564047019,1.44011228914246,-3.82615377846868,,,,,,,,,,,,,,,,,,,1976-10-01,1.42482878050806,1.07776298937676,0.389013042820423
1977-01-01,3.17076633912868,2.87902156340159,-0.0168689249287149,1.85329503392745,-4.3009469879915,,,,,,,,,,,,,,,,,,,1977-01-01,1.42367202872354,1.08143502742253,0.388446281129078
1977-04-01,3.34524335783593,3.05867536547463,-0.0413035094167556,2.2510563355346,-4.26806462476445,,,,,,,,,,,,,,,,,,,1977-04-01,1.40782034710414,1.08355227472876,0.388258915830644
1977-07-01,3.48020079935303,3.15475197749968,-0.0127215117085431,2.94053877121723,-3.79565617640165,,,,,,,,,,,,,,,,,,,1977-07-01,1.40621681138842,1.08504279172939,0.388307668193411
1977-10-01,3.13564589699814,2.93653874043708,-0.115672037636661,2.82241934575518,-2.586880745805,,,,,,,,,,,,,,,,,,,1977-10-01,1.42122291533494,1.08914521753254,0.388467301771499
1978-01-01,3.0466700719989,2.86374959879816,-0.124056165207087,2.69120549089632,-2.1182780872017,,,,,,,,,,,,,,,,,,,1978-01-01,1.44505678036758,1.09346758017237,0.388851255402523
1978-04-01,3.81151876488386,3.47193571760781,-0.0325874650503864,3.44609808576752,-2.49873400914186,,,,,,,,,,,,,,,,,,,1978-04-01,1.40949376470074,1.09117656825038,0.389351316336822
1978-07-01,3.69495058660828,3.384487500386,-0.0523335060628274,3.89768925209023,-1.54211830127898,,,,,,,,,,,,,,,,,,,1978-07-01,1.41098027945946,1.08962295794241,0.389949685015613
1978-10-01,3.80751794368825,3.46323336437403,-0.026953093373201,4.11663286139071,-0.345122117301234,,,,,,,,,,,,,,,,,,,1978-10-01,1.41703480908469,1.08724671888535,0.390708870783119
1979-01-01,3.53932729004923,3.38441945003148,-0.207881457680892,3.35025431649876,0.66405351989212,,,,,,,,,,,,,,,,,,,1979-01-01,1.40512169052959,1.08607118602881,0.391575091413936
1979-04-01,3.64019539224581,3.27060493778034,0.0190013841846039,3.59284749796416,0.218835837853568,,,,,,,,,,,,,,,,,,,1979-04-01,1.39718266116844,1.08525576157362,0.392514411307256
1979-07-01,3.67583353721175,3.3799076899682,-0.0663798170612599,2.87030512824606,0.916178434675837,,,,,,,,,,,,,,,,,,,1979-07-01,1.39697108336802,1.08356515233256,0.393603724943957
1979-10-01,3.6868099136853,3.32236553554365,0.00830688480380819,2.67986790259033,3.64734216812636,,,,,,,,,,,,,,,,,,,1979-10-01,1.39562116130502,1.08232496369969,0.39481224182895
1980-01-01,3.80847288751997,3.30139187672522,0.153191766843617,2.56971422708864,4.210823201657,,,,,,,,,,,,,,,,,,,1980-01-01,1.39538834133594,1.08142378135236,0.396118503811061
1980-04-01,3.26041168168885,2.88636022775731,0.0646510928375276,1.19472206047158,1.92044195079421,,,,,,,,,,,,,,,,,,,1980-04-01,1.39547633220929,1.08436198567746,0.397052614231372
1980-07-01,3.32406289469304,2.94306802990336,0.0655157702471887,0.120240500467958,-1.74415230361403,,,,,,,,,,,,,,,,,,,1980-07-01,1.40229905707677,1.08641974857666,0.397966516250503
1980-10-01,3.75606880796297,3.23484897310011,0.174463587760787,0.254897640453351,4.4398264260278,,,,,,,,,,,,,,,,,,,1980-10-01,1.38273116802439,1.0854867255557,0.399185715470897
1981-01-01,3.95818280183624,3.46432237802377,0.122506015447629,0.320371978732396,5.34232223597249,,,,,,,,,,,,,,,,,,,1981-01-01,1.4008267383147,1.08304462268423,0.400729738261909
1981-04-01,3.5026473234675,3.20176624753536,-0.0423289030578328,-0.551424024839548,7.58028472229547,,,,,,,,,,,,,,,,,,,1981-04-01,1.3837544882486,1.0831002326417,0.401945039072145
1981-07-01,3.72794406892022,3.44665298073119,-0.0881692676420931,-1.27756046628747,7.49608036483264,,,,,,,,,,,,,,,,,,,1981-07-01,1.40386966222453,1.08152065762554,0.403123742585857
1981-10-01,3.36275739969133,3.18641225748868,-0.165218981907882,-2.31651957760619,3.75272009059445,,,,,,,,,,,,,,,,,,,1981-10-01,1.40323387275358,1.08252183101139,0.403679656036166
1982-01-01,2.9031779038502,2.91580373464089,-0.325182357762427,-3.89223047824737,5.67276297923613,,,,,,,,,,,,,,,,,,,1982-01-01,1.43847523204203,1.08603742993966,0.403564204148174
1982-04-01,2.98186107416798,3.03183785134124,-0.374971459736608,-4.7532283288474,6.48245550663947,,,,,,,,,,,,,,,,,,,1982-04-01,1.45330064661464,1.0890862680937,0.403376449671789
1982-07-01,2.87733955831442,2.86414555714187,-0.293825081575164,-5.02703764701448,2.78245349721934,,,,,,,,,,,,,,,,,,,1982-07-01,1.49064677096343,1.09374749778468,0.402988395587028
1982-10-01,2.77428364350131,2.80509154857049,-0.331496755228343,-5.53621484420626,1.32800591419525,,,,,,,,,,,,,,,,,,,1982-10-01,1.52894395433591,1.09927334452964,0.402582296774659
1983-01-01,2.91956595785148,2.9243511539958,-0.31825795478021,-5.39649205308774,0.63604920057485,,,,,,,,,,,,,,,,,,,1983-01-01,1.52525945164249,1.10394050566159,0.402257014377914
1983-04-01,3.02032471390779,3.17421053197585,-0.494141990993792,-5.27997197163847,1.27352439652741,,,,,,,,,,,,,,,,,,,1983-04-01,1.50078872439017,1.10693229827175,0.4018426762272
1983-07-01,3.3343886466921,3.20820346654447,-0.217714829790907,-3.66590158704128,1.77287131978881,,,,,,,,,,,,,,,,,,,1983-07-01,1.4919623491014,1.10908570958861,0.401226366631806
1983-10-01,3.31894561168413,3.37988453828799,-0.423242109188567,-3.53857001997665,2.34178778366075,,,,,,,,,,,,,,,,,,,1983-10-01,1.48935109179935,1.11005068703539,0.400346204780422
1984-01-01,3.50097306202769,3.4765400370762,-0.348231042577248,-2.6958994723127,2.74641435484828,,,,,,,,,,,,,,,,,,,1984-01-01,1.49213624292376,1.10990293574324,0.399234505337129
1984-04-01,3.67849005820239,3.54799556231762,-0.249829171821111,-1.94851955229274,3.13864320850611,,,,,,,,,,,,,,,,,,,1984-04-01,1.49772627368787,1.10889652144629,0.398006011382706
1984-07-01,3.58699697429135,3.53518813341172,-0.327141947900725,-1.9798015932804,4.75094575255855,,,,,,,,,,,,,,,,,,,1984-07-01,1.50275112726736,1.10807735003182,0.396791459236878
1984-10-01,3.52185860866258,3.55319422199985,-0.412216545922085,-2.29300910356369,2.51224173621413,,,,,,,,,,,,,,,,,,,1984-10-01,1.50929226749919,1.10710717558239,0.395615901421913
1985-01-01,3.77031672515617,3.54499444729962,-0.154679688468706,-1.66403907615143,1.03999799751403,,,,,,,,,,,,,,,,,,,1985-01-01,1.51268236409371,1.10552756311242,0.394503408931037
1985-04-01,3.66324080888169,3.57481910049618,-0.294777280397227,-2.07886716870712,0.839330658328827,,,,,,,,,,,,,,,,,,,1985-04-01,1.51235965875314,1.10368975693808,0.393476113633699
1985-07-01,3.84646264885211,3.66997588727841,-0.216912459289504,-1.69635988000027,0.543353862503491,,,,,,,,,,,,,,,,,,,1985-07-01,1.51295731855681,1.10079892026403,0.392540672724564
1985-10-01,3.6655891101452,3.61395306677227,-0.335757869931155,-1.87744323319964,0.942716122329196,,,,,,,,,,,,,,,,,,,1985-10-01,1.50768339959079,1.09854268568196,0.3917531951717
1986-01-01,3.74941897089438,3.57853879590762,-0.212717542649146,-1.45981122651051,0.830977138985881,,,,,,,,,,,,,,,,,,,1986-01-01,1.50242153164098,1.09638995531037,0.391110675792663
1986-04-01,3.52590963354382,3.5048632745076,-0.354653788259812,-1.88037834297256,0.247499244634573,,,,,,,,,,,,,,,,,,,1986-04-01,1.49589077504508,1.09504701751209,0.390583702399258
1986-07-01,3.52851726008773,3.52290862306209,-0.372025862505816,-1.91374648805618,-0.186756255881417,,,,,,,,,,,,,,,,,,,1986-07-01,1.49196635772868,1.09362531394869,0.390162021307007
1986-10-01,3.45927557278836,3.4180140456635,-0.32512890806154,-1.73146479452373,-0.14956648586615,,,,,,,,,,,,,,,,,,,1986-10-01,1.48636920172809,1.0929609531417,0.38982337033965
1987-01-01,3.36037285102746,3.39148490823632,-0.394658729298553,-1.87320303029492,0.342265361764416,,,,,,,,,,,,,,,,,,,1987-01-01,1.48253777205447,1.09255586660172,0.389545258628494
1987-04-01,3.5090367136183,3.38436201836183,-0.238108446114506,-1.31257585613912,0.374073660988912,,,,,,,,,,,,,,,,,,,1987-04-01,1.47795236583665,1.09185335448677,0.389310200108744
1987-07-01,3.48989916191766,3.35728007182969,-0.227261030393369,-1.16157429323107,0.390366986170752,,,,,,,,,,,,,,,,,,,1987-07-01,1.4760202640284,1.09110551917369,0.389084193630352
1987-10-01,3.73448984571252,3.49121692688203,-0.130964422526639,-0.667268012959653,0.0311300974545405,,,,,,,,,,,,,,,,,,,1987-10-01,1.47457966023736,1.08909473537112,0.388897745949442
1988-01-01,3.59944353401486,3.37237796179859,-0.134432950764945,-0.537736542367497,-0.43889836336495,,,,,,,,,,,,,,,,,,,1988-01-01,1.47097948760088,1.08782255170266,0.388727643306206
1988-04-01,3.79295218421397,3.43402461759868,-0.00917910505830166,-0.0888114623618321,-0.336391164053489,,,,,,,,,,,,,,,,,,,1988-04-01,1.4676889104066,1.08580453834168,0.388624522332301
1988-07-01,3.70068525093019,3.35101584769585,-0.00953923030288074,-0.0190545726709388,0.405979017915376,,,,,,,,,,,,,,,,,,,1988-07-01,1.46292503155453,1.08415198056309,0.388543069930799
1988-10-01,3.82078131384087,3.44975944007348,0.00122852428115065,0.0775663852433581,0.725286447919351,,,,,,,,,,,,,,,,,,,1988-10-01,1.46259405157907,1.0815395376156,0.388567953385799
1989-01-01,3.83156023942699,3.46938045793723,-0.00971682245297322,0.123885305642489,1.67272889682865,,,,,,,,,,,,,,,,,,,1989-01-01,1.46473074935432,1.07859390389529,0.388725901123479
1989-04-01,3.74045484361781,3.47443920765969,-0.106423235361965,-0.18964555141099,2.37578384787819,,,,,,,,,,,,,,,,,,,1989-04-01,1.46754404331604,1.07553621170199,0.389049383784196
1989-07-01,3.66287746071035,3.50061249921166,-0.212979528392254,-0.632700317976742,2.13818799561696,,,,,,,,,,,,,,,,,,,1989-07-01,1.47297230919933,1.07231222048101,0.389612977946707
1989-10-01,3.58420389730986,3.39788705975778,-0.177916106463576,-0.817659238150327,1.89737346160534,,,,,,,,,,,,,,,,,,,1989-10-01,1.47760400388673,1.06945147068857,0.390359120881091
1990-01-01,3.80073476280355,3.47776373461624,-0.0498242123173816,-0.667979480638792,1.22016612183945,,,,,,,,,,,,,,,,,,,1990-01-01,1.48654887789864,1.06596163797108,0.391597550648194
1990-04-01,3.7275529057112,3.38912008980033,-0.0248603619437706,-0.759672567217535,1.07945686610649,,,,,,,,,,,,,,,,,,,1990-04-01,1.48760097215784,1.06309944395036,0.393040490589437
1990-07-01,3.56876210276838,3.27323878811895,-0.055348088459475,-1.1170811850933,0.883267869202952,,,,,,,,,,,,,,,,,,,1990-07-01,1.48001499074652,1.06115197808684,0.394357319895125
1990-10-01,3.15294497869918,2.99313534653267,-0.161036375935541,-1.8869888252716,0.915107533720339,,,,,,,,,,,,,,,,,,,1990-10-01,1.48324230263916,1.06080224381056,0.394945103952615
1991-01-01,2.95945003437566,2.83213393074059,-0.176271526353387,-2.46468707853285,-0.0563548301218249,,,,,,,,,,,,,,,,,,,1991-01-01,1.5068543302917,1.06117887594688,0.39507941030039
1991-04-01,2.99444504014944,2.89941380659255,-0.215768392246483,-2.74973274546085,-0.365116391280036,,,,,,,,,,,,,,,,,,,1991-04-01,1.50389889342011,1.06132178802892,0.395335622383264
1991-07-01,2.95894001996371,2.81565946482371,-0.158541111731818,-2.5152681754214,-0.45283470921005,,,,,,,,,,,,,,,,,,,1991-07-01,1.5172157220339,1.0618934772764,0.395434784761947
1991-10-01,2.81878133741478,2.71395294613048,-0.186090951855829,-2.50073164463936,-1.1460761253181,,,,,,,,,,,,,,,,,,,1991-10-01,1.54576754399516,1.06297792785472,0.395305731008749
1992-01-01,2.89704771788863,2.77586382223404,-0.176371918996574,-2.22787183759453,-1.9455554477621,,,,,,,,,,,,,,,,,,,1992-01-01,1.54492966923297,1.06383309044715,0.395313072956982
1992-04-01,2.87696894901516,2.77164863666789,-0.191783659902623,-1.85467249914188,-2.12558931253443,,,,,,,,,,,,,,,,,,,1992-04-01,1.5506199174538,1.06482977446995,0.395291331836191
1992-07-01,2.79386896647292,2.74895686899563,-0.249759454507053,-1.5782689721475,-2.27902883854443,,,,,,,,,,,,,,,,,,,1992-07-01,1.5589519598191,1.06612893353769,0.39510838887034
1992-10-01,2.82207134054432,2.72140512455013,-0.191051955605329,-1.00439533357167,-2.48221270429965,,,,,,,,,,,,,,,,,,,1992-10-01,1.56060156894531,1.06776761295872,0.394673482936446
1993-01-01,2.59884424339256,2.54142048228501,-0.215001145301889,-0.815410655053711,-2.18008545111984,,,,,,,,,,,,,,,,,,,1993-01-01,1.59967013134137,1.07054773217566,0.393705918975395
1993-04-01,2.57330531571151,2.48338758310127,-0.176286397961829,-0.557592770705924,-2.24983171392948,,,,,,,,,,,,,,,,,,,1993-04-01,1.62079103138851,1.07390457828322,0.392560569907519
1993-07-01,2.42004052238777,2.42480648598087,-0.264690554824231,-0.623017142431308,-2.00014810492318,,,,,,,,,,,,,,,,,,,1993-07-01,1.64869793087279,1.07793221070136,0.39144115550489
1993-10-01,2.51223007455164,2.53445925587364,-0.293907886358292,-0.38735360015869,-1.94802636338965,,,,,,,,,,,,,,,,,,,1993-10-01,1.62064866587569,1.08171380107902,0.390617320838497
1994-01-01,2.46013617257963,2.53279945224042,-0.344164063785307,-0.141167754420849,-1.43051212846971,,,,,,,,,,,,,,,,,,,1994-01-01,1.615096592542,1.08581653242132,0.389988180538457
1994-04-01,2.62553591174737,2.59835659637243,-0.251348798142367,0.470706548448788,-0.742399928516734,,,,,,,,,,,,,,,,,,,1994-04-01,1.58457747693347,1.08976492310633,0.389550336484704
1994-07-01,2.51418267174324,2.53730092475009,-0.295101567761656,0.576872334009863,-0.0566587426155105,,,,,,,,,,,,,,,,,,,1994-07-01,1.59148003932629,1.09442496746754,0.389285743023364
1994-10-01,2.59963148439835,2.63106807577936,-0.313471177667417,0.658719863881174,0.589441225384927,,,,,,,,,,,,,,,,,,,1994-10-01,1.5579898729899,1.09892014792135,0.389210235731664
1995-01-01,2.50825235532938,2.56159454023839,-0.327929628328028,0.616889518228277,1.29855156029547,,,,,,,,,,,,,,,,,,,1995-01-01,1.56307794698565,1.10428713304464,0.389394703735433
1995-04-01,2.48092225222261,2.52319345821456,-0.312742285649329,0.461550591301148,1.63362577368008,,,,,,,,,,,,,,,,,,,1995-04-01,1.56835027584468,1.11026541193205,0.389942133500072
1995-07-01,2.54667956971452,2.62255499178678,-0.356997457237709,0.184594885857564,1.40935228245533,,,,,,,,,,,,,,,,,,,1995-07-01,1.53790371724088,1.11594526419706,0.390733092326069
1995-10-01,2.58443431979469,2.65195980922605,-0.351799543200071,0.0932166590931729,1.29384487601806,,,,,,,,,,,,,,,,,,,1995-10-01,1.52127769574689,1.12165347652192,0.391758240120521
1996-01-01,2.58514885638932,2.70323388331732,-0.407855351358298,-0.138541721995466,1.04625705215141,,,,,,,,,,,,,,,,,,,1996-01-01,1.50481637372375,1.12718217329713,0.392942917455996
1996-04-01,2.85330815147352,2.90500160390816,-0.363092056317927,0.0841353020680344,0.763720649392679,,,,,,,,,,,,,,,,,,,1996-04-01,1.45173067854515,1.13125388794703,0.393850410813816
1996-07-01,2.85406708366341,2.91319603818287,-0.371405952200991,0.201790394969976,0.852013553868568,,,,,,,,,,,,,,,,,,,1996-07-01,1.43871995087695,1.13544416901085,0.394811938984798
1996-10-01,2.97179900489136,2.96207965582842,-0.307797676805538,0.419243940838328,0.637726694398173,,,,,,,,,,,,,,,,,,,1996-10-01,1.42448197054937,1.13939483128213,0.395774329870226
1997-01-01,2.89122671591832,2.95765135405051,-0.383466976830313,0.203150315527296,0.718247340025407,,,,,,,,,,,,,,,,,,,1997-01-01,1.42333223578702,1.14358682339125,0.396878148394857
1997-04-01,3.16330691444758,3.14259092254173,-0.316150750108772,0.46987782985309,0.661150555354339,,,,,,,,,,,,,,,,,,,1997-04-01,1.39801406912549,1.14621451771485,0.39751446743912
1997-07-01,3.12790687062615,3.23422219538126,-0.453004385076169,0.297127474379181,0.927608455488183,,,,,,,,,,,,,,,,,,,1997-07-01,1.38946717682133,1.14835226043822,0.3979510999459
1997-10-01,3.1242920190573,3.23253774525382,-0.454754223650662,0.342632658147409,1.15496955745318,,,,,,,,,,,,,,,,,,,1997-10-01,1.38637694184452,1.15055315586746,0.398421917377099
1998-01-01,3.16537405166656,3.28776337111249,-0.474817670014035,0.267874087121982,1.22714780248974,,,,,,,,,,,,,,,,,,,1998-01-01,1.38319332479427,1.15231284894675,0.398775776049826
1998-04-01,3.20135071156845,3.32281982746731,-0.477655306583566,0.216791946691842,1.38265965609955,,,,,,,,,,,,,,,,,,,1998-04-01,1.38202728994286,1.15360658951709,0.398972248689808
1998-07-01,3.34527627096476,3.41925408695961,-0.440501176109015,0.304008986789768,1.15406217651063,,,,,,,,,,,,,,,,,,,1998-07-01,1.38420474570115,1.15372791370022,0.398732017904349
1998-10-01,3.5183262606868,3.5718295158574,-0.436381778559627,0.419965475792992,0.2594700457865,,,,,,,,,,,,,,,,,,,1998-10-01,1.39804225033921,1.15232434514268,0.397920090835891
1999-01-01,3.47667043489102,3.57095316497487,-0.477067313958025,0.392539464003676,0.208798911145387,,,,,,,,,,,,,,,,,,,1999-01-01,1.40214621557584,1.15075748518133,0.39704101382224
1999-04-01,3.49226285889111,3.55616874656337,-0.445105671301792,0.449824927277973,0.168626849611103,,,,,,,,,,,,,,,,,,,1999-04-01,1.40241920366509,1.1489554330295,0.396118959444737
1999-07-01,3.61650967431333,3.64836690188126,-0.422940095877343,0.535211146116922,0.400064456507862,,,,,,,,,,,,,,,,,,,1999-07-01,1.41655180302258,1.14604551874165,0.394884981510679
1999-10-01,3.82694854530704,3.77119785230962,-0.348498910375265,0.874309463242412,0.265754996382678,,,,,,,,,,,,,,,,,,,1999-10-01,1.44630123906109,1.14192174381199,0.393388443973377
2000-01-01,3.70368710833889,3.63496404609475,-0.320923100978988,0.908222076837319,0.513217230332258,,,,,,,,,,,,,,,,,,,2000-01-01,1.43240842210242,1.13844702179832,0.392216682020555
2000-04-01,3.89592046097337,3.85909148140426,-0.376842289304027,0.774514492907883,0.962854260762734,,,,,,,,,,,,,,,,,,,2000-04-01,1.4798161363259,1.13352286999278,0.390941627347348
2000-07-01,3.71604663930391,3.67591517621037,-0.3539044136252,0.712547519290069,1.2958720566825,,,,,,,,,,,,,,,,,,,2000-07-01,1.4563247989382,1.12978384053881,0.390194892296075
2000-10-01,3.71785638955801,3.67198446136189,-0.347742599661943,0.416141744755464,1.21867258718291,,,,,,,,,,,,,,,,,,,2000-10-01,1.45731307398027,1.12622223681684,0.389760820600773
2001-01-01,3.55425483653898,3.4691215847634,-0.286735602528456,0.12022670888291,0.313539097512139,,,,,,,,,,,,,,,,,,,2001-01-01,1.42630846621626,1.12379174522437,0.38967874414975
2001-04-01,3.50403443995964,3.51895110904271,-0.392126947044801,-0.519058544204313,-1.02109188439857,,,,,,,,,,,,,,,,,,,2001-04-01,1.43251483380468,1.12137022619264,0.389778959530224
2001-07-01,3.15912599092791,3.30486678214034,-0.500002524009493,-1.10423199088837,-1.32892504098095,,,,,,,,,,,,,,,,,,,2001-07-01,1.402427918329,1.12022216473108,0.390044231405898
2001-10-01,3.13614846153033,3.21577585221479,-0.424339114572699,-1.15183613265754,-2.71339446502078,,,,,,,,,,,,,,,,,,,2001-10-01,1.39294825852209,1.11951314572708,0.390358909646087
2002-01-01,3.07346821022935,3.22252842986205,-0.49449577900838,-1.2756377318351,-2.72388218435149,,,,,,,,,,,,,,,,,,,2002-01-01,1.39448098329902,1.11899864399771,0.39070531538531
2002-04-01,3.06547679699961,3.1067353546633,-0.374281799639023,-0.77654217414829,-2.87035993583001,,,,,,,,,,,,,,,,,,,2002-04-01,1.38916826829801,1.11912915969329,0.39099228074776
2002-07-01,2.93814613290515,2.97619140694314,-0.357074994284866,-0.575464552935387,-3.02131322654244,,,,,,,,,,,,,,,,,,,2002-07-01,1.38126566819614,1.12005780514053,0.391118866990055
2002-10-01,2.67939412552051,2.82397059536793,-0.447289039651854,-0.724532470716554,-2.94683794031343,,,,,,,,,,,,,,,,,,,2002-10-01,1.37680778944036,1.12186961082459,0.391061756092651
2003-01-01,2.56755309855782,2.76193067476883,-0.490439841714889,-0.724381068055322,-3.03713314669857,,,,,,,,,,,,,,,,,,,2003-01-01,1.37936414560056,1.12410454931215,0.390934232792818
2003-04-01,2.56544316836842,2.74636441839564,-0.475314906985139,-0.441785607920906,-2.86702226230888,,,,,,,,,,,,,,,,,,,2003-04-01,1.37862326819661,1.12644594007353,0.390822696593703
2003-07-01,2.74593028330986,2.85893754528027,-0.419468077342112,0.152996971385505,-3.20810555088712,,,,,,,,,,,,,,,,,,,2003-07-01,1.37692121556448,1.12839725758409,0.390753726328217
2003-10-01,2.74043087182671,2.84380174278815,-0.408209219840052,0.674992306480249,-3.3149196682909,,,,,,,,,,,,,,,,,,,2003-10-01,1.3777647550019,1.13052528868852,0.390684521775747
2004-01-01,2.6566134895665,2.72733987622691,-0.363080727749147,1.09192575267195,-3.46484517701081,,,,,,,,,,,,,,,,,,,2004-01-01,1.37476437815087,1.13318940346093,0.390591336036889
2004-04-01,2.63885605678094,2.69644751025394,-0.346634319751637,1.33923826631622,-3.63149012775528,,,,,,,,,,,,,,,,,,,2004-04-01,1.37481261416679,1.13607033802534,0.390494736164382
2004-07-01,2.55317920745946,2.72156572113237,-0.460121900254821,1.30480656251927,-3.01414644319106,,,,,,,,,,,,,,,,,,,2004-07-01,1.37541977074976,1.13898870967086,0.390406594156758
2004-10-01,2.61710340909074,2.72612619260258,-0.401247025055822,1.72435474014378,-2.63643671403885,,,,,,,,,,,,,,,,,,,2004-10-01,1.37800456770844,1.14186909406139,0.390321357272695
2005-01-01,2.72897784076805,2.75107774274417,-0.316998798800281,2.19104282086755,-2.37203538101818,,,,,,,,,,,,,,,,,,,2005-01-01,1.38560547172567,1.14464230859275,0.390240671671593
2005-04-01,2.55572697485947,2.69494217090967,-0.428096699054697,2.03188265785138,-1.62793233071341,,,,,,,,,,,,,,,,,,,2005-04-01,1.384071038062,1.14763744639651,0.390173967661203
2005-07-01,2.5094636825078,2.72937404782337,-0.512482757297747,1.84757064659641,-1.07357418082542,,,,,,,,,,,,,,,,,,,2005-07-01,1.38895253409074,1.15049429371121,0.390108786235694
2005-10-01,2.5607348315429,2.68987065179332,-0.417473687075761,2.05016872080148,-0.701523556511041,,,,,,,,,,,,,,,,,,,2005-10-01,1.39142493709007,1.15324301295281,0.390026552804376
2006-01-01,2.70365811230235,2.84555009364046,-0.446917742854911,2.01662910621542,-0.20992021074469,,,,,,,,,,,,,,,,,,,2006-01-01,1.41967629303266,1.15544196892456,0.389975264885244
2006-04-01,2.67629541174133,2.73730476057591,-0.35443186526269,2.17511422171322,-0.00106418934107699,,,,,,,,,,,,,,,,,,,2006-04-01,1.41652170467487,1.15776668777647,0.389986077733804
2006-07-01,2.50678410066653,2.69880114649491,-0.481312207678379,1.57756544551091,0.382018532929336,,,,,,,,,,,,,,,,,,,2006-07-01,1.41064222405309,1.16009207330085,0.390041625720732
2006-10-01,2.54084360893429,2.80766615356508,-0.567787376875404,1.1553583217875,0.583506639026494,,,,,,,,,,,,,,,,,,,2006-10-01,1.4287955082198,1.1620977581044,0.39029393736733
2007-01-01,2.55421174754865,2.74399255412865,-0.483920214032398,1.16500853982939,0.474412266146147,,,,,,,,,,,,,,,,,,,2007-01-01,1.42726971219881,1.16410499995229,0.390790015796106
2007-04-01,2.47729211313484,2.79871106583571,-0.621423853696965,0.620936054795607,0.920053032750984,,,,,,,,,,,,,,,,,,,2007-04-01,1.43710632388861,1.16610749587636,0.391743209438353
2007-07-01,2.49519295695852,2.80603377125586,-0.611630665030259,0.482415842789578,0.7627894776808,,,,,,,,,,,,,,,,,,,2007-07-01,1.44903483325048,1.16830413727451,0.393354257783883
2007-10-01,2.59837642251998,2.80630378823398,-0.508746160634041,0.586205323304625,-0.215072677543664,,,,,,,,,,,,,,,,,,,2007-10-01,1.46585082457842,1.17092761788594,0.395800357097636
2008-01-01,2.3035879947857,2.62125712427714,-0.598652041108736,0.0671104259351978,-1.15034720376431,,,,,,,,,,,,,,,,,,,2008-01-01,1.43787521333418,1.17404997357686,0.398598991927058
2008-04-01,2.2963766661432,2.6662165042613,-0.655642123376946,-0.280699257534366,-2.28567914207742,,,,,,,,,,,,,,,,,,,2008-04-01,1.45712308770738,1.17780216005967,0.402093876855383
2008-07-01,2.02133457200717,2.41982701208597,-0.657883261821867,-0.455901431379743,-2.18031602584684,,,,,,,,,,,,,,,,,,,2008-07-01,1.42325771870458,1.18182965553882,0.405040927884729
2008-10-01,1.11034450732676,1.94127501445256,-1.03902344877539,-1.95542289785351,-1.97163444554912,,,,,,,,,,,,,,,,,,,2008-10-01,1.37415660343232,1.18534209830828,0.40580129665293
2009-01-01,0.791267933903417,1.70796579228731,-1.09978146235959,-2.72057643739311,-1.45403656380723,,,,,,,,,,,,,,,,,,,2009-01-01,1.40083984615839,1.18864178696771,0.405281236698725
2009-04-01,0.847048156649624,1.59173507050425,-0.91531128736281,-2.52226048138641,-1.48431335737681,,,,,,,,,,,,,,,,,,,2009-04-01,1.42790364468984,1.19197473176399,0.404399842098603
2009-07-01,0.853725543508757,1.55606193057781,-0.869136815711149,-2.34108813797684,-1.35911371660032,,,,,,,,,,,,,,,,,,,2009-07-01,1.44174220597026,1.19541137231726,0.403605137007129
2009-10-01,1.12876064421457,1.60150710163224,-0.644418333566212,-1.45150428230863,-2.3719264950762,,,,,,,,,,,,,,,,,,,2009-10-01,1.43384661312014,1.19909038182133,0.403255782799341
2010-01-01,0.981296221057995,1.54145670833751,-0.725395324422828,-1.26067902345017,-2.554214020705,,,,,,,,,,,,,,,,,,,2010-01-01,1.45063593474169,1.20279431458344,0.402873499526741
2010-04-01,0.989030127183139,1.58563334230394,-0.766573520266232,-0.93808945818455,-2.37896779067651,,,,,,,,,,,,,,,,,,,2010-04-01,1.45254630475426,1.2066806156811,0.402703444898374
2010-07-01,0.900599584126881,1.58160621618173,-0.850545253634107,-0.695948739620576,-2.09753066229367,,,,,,,,,,,,,,,,,,,2010-07-01,1.46009649073752,1.21064972871804,0.402540531382911
2010-10-01,0.879488160730609,1.52069091795559,-0.804211627220888,-0.234295693693525,-1.76954654253771,,,,,,,,,,,,,,,,,,,2010-10-01,1.47534848434618,1.21466308999538,0.402169236014564
2011-01-01,0.732828038077383,1.33453031088182,-0.744755851532054,0.0236043450042871,-1.74942421062403,,,,,,,,,,,,,,,,,,,2011-01-01,1.52250635478874,1.21866064657405,0.401313725610185
2011-04-01,0.893055155049854,1.37196986296205,-0.625981580206366,0.415658588615656,-2.28907683252911,,,,,,,,,,,,,,,,,,,2011-04-01,1.52369411888521,1.22287605944412,0.400609345453611
2011-07-01,0.735589175163903,1.26617888684442,-0.666316431107944,0.418945809900265,-2.44274926838814,,,,,,,,,,,,,,,,,,,2011-07-01,1.55932475672979,1.22716999748356,0.399819238156166
2011-10-01,0.853634578789752,1.40941336596103,-0.706859376546608,0.554669977311391,-2.61190194771429,,,,,,,,,,,,,,,,,,,2011-10-01,1.53127741602411,1.23165620843462,0.399473148201329
2012-01-01,0.984486896909983,1.4165378719893,-0.583895268415282,1.22156700209825,-2.90350656232161,,,,,,,,,,,,,,,,,,,2012-01-01,1.52093435857395,1.23623216405829,0.399260960178634
2012-04-01,0.84739009185732,1.3912377611217,-0.692979943718264,1.22818713686002,-2.544338478393,,,,,,,,,,,,,,,,,,,2012-04-01,1.53069270128593,1.24093023241697,0.398943100129073
2012-07-01,0.674083204423392,1.3277987942369,-0.796047590665777,1.10840248779721,-2.2148285965108,,,,,,,,,,,,,,,,,,,2012-07-01,1.55586331632952,1.2458115611871,0.398464910027827
2012-10-01,0.635025221279813,1.26120812489988,-0.761376787427817,1.22838318986021,-2.24426765650404,,,,,,,,,,,,,,,,,,,2012-10-01,1.58208784659075,1.25093734714581,0.397990173411886
2013-01-01,0.746028624025646,1.38721941028193,-0.78989231780121,1.32272555708494,-2.13270979872302,,,,,,,,,,,,,,,,,,,2013-01-01,1.5589228481547,1.25616406800563,0.397763202471587
2013-04-01,0.614089474178553,1.33981522596239,-0.869345841447459,1.30194977132419,-1.89698278675272,,,,,,,,,,,,,,,,,,,2013-04-01,1.57461808117009,1.26154987363741,0.39760809456147
2013-07-01,0.738612321752183,1.4164913357401,-0.829718318919395,1.56552412108067,-2.15935126292424,,,,,,,,,,,,,,,,,,,2013-07-01,1.55928119401303,1.26701032201727,0.397645562567004
2013-10-01,0.824721356700404,1.48031021606129,-0.814269162316833,1.84148410137743,-2.23093322030259,,,,,,,,,,,,,,,,,,,2013-10-01,1.54685425834696,1.27249135479032,0.397765749244002
2014-01-01,0.552742275052294,1.31669617650554,-0.905095768828015,1.64682101655114,-1.89943072226297,,,,,,,,,,,,,,,,,,,2014-01-01,1.59797596012626,1.27837207836888,0.397949558977605
2014-04-01,0.82874399876455,1.51068258483604,-0.843874623282575,1.90280780377202,-2.30821314801806,,,,,,,,,,,,,,,,,,,2014-04-01,1.56383836700467,1.28409150130745,0.398375638392747
2014-07-01,0.936544933283597,1.63635915068502,-0.875222022439959,2.15770974383656,-2.40151240234702,,,,,,,,,,,,,,,,,,,2014-07-01,1.5403967522348,1.28959201132637,0.398914676317534
2014-10-01,0.828337479213773,1.61773438512807,-0.962808248718776,2.17864975932241,-2.12369635704374,,,,,,,,,,,,,,,,,,,2014-10-01,1.54885267236888,1.29520150030353,0.399547820685315
2015-01-01,0.839660901740572,1.70987464310715,-1.05350196260634,2.13155569912294,-1.97557304973406,,,,,,,,,,,,,,,,,,,2015-01-01,1.54070368645624,1.30075853062113,0.400269551891014
2015-04-01,0.931316286261552,1.70536134504295,-0.956849481762944,2.50756875450236,-2.06331877841213,,,,,,,,,,,,,,,,,,,2015-04-01,1.5412468245678,1.30639309791759,0.401052978818288
2015-07-01,0.857801254267959,1.70080549199035,-1.02532030080831,2.38110322286832,-1.92246672649696,,,,,,,,,,,,,,,,,,,2015-07-01,1.54767221698708,1.31220873910625,0.401896165827338
2015-10-01,0.75439682520934,1.66693408096985,-1.09122250842307,2.16668763898474,-1.77330717746155,,,,,,,,,,,,,,,,,,,2015-10-01,1.56071895768919,1.31829997952216,0.402841626008183
2016-01-01,0.857995032248849,1.70336867478637,-1.02796446331828,2.28609200978531,-1.92504206665013,,,,,,,,,,,,,,,,,,,2016-01-01,1.55997281753503,1.32445941059458,0.403876599482905
2016-04-01,0.883354186690334,1.67445590479259,-0.970593264790242,2.39994155773184,-2.03958932229198,,,,,,,,,,,,,,,,,,,2016-04-01,1.56966907824876,1.33085170720393,0.405051709036745
2016-07-01,0.918449660027829,1.74745033908267,-1.01631678766341,2.30648150260129,-2.16214543097091,,,,,,,,,,,,,,,,,,,2016-07-01,1.56752607813347,1.33728071133265,0.406344525330161
2016-10-01,0.878802032691173,1.77207067550754,-1.08322390259771,2.20468065543832,-2.16333366913834,,,,,,,,,,,,,,,,,,,2016-10-01,1.57257644377982,1.34388206894702,0.407792623811105
2017-01-01,0.894243576766695,1.76985006294097,-1.06532370971767,2.28750201082175,-1.96535793623184,,,,,,,,,,,,,,,,,,,2017-01-01,1.58256767268306,1.35072816612693,0.409443403092939
2017-04-01,0.844007161221278,1.8046467428235,-1.1540867987954,2.10575468693594,-1.44996230906808,,,,,,,,,,,,,,,,,,,2017-04-01,1.59159874796951,1.35774653488619,0.411335265792639
2017-07-01,0.87530212773704,1.87713079297025,-1.20304573425337,2.05490394194589,-1.14199403456978,,,,,,,,,,,,,,,,,,,2017-07-01,1.5934677935488,1.36474065848565,0.413465009891148
2017-10-01,1.05796499424479,1.99030275603045,-1.14568618083615,2.33606074415354,-1.37255442027821,,,,,,,,,,,,,,,,,,,2017-10-01,1.58885032505651,1.37147754936832,0.415766747253986
2018-01-01,1.18696511112505,2.01892746173688,-1.04837916500557,2.69783283211018,-1.42501767864147,,,,,,,,,,,,,,,,,,,2018-01-01,1.59472571737356,1.37824139885832,0.418316876605554
2018-04-01,1.1589400626437,2.02731079073846,-1.08568618465912,2.62338702698821,-1.29886114577957,,,,,,,,,,,,,,,,,,,2018-04-01,1.60646677174817,1.38524516568265,0.421193466496411
2018-07-01,1.08992654737332,2.08544402458762,-1.21906446488538,2.26716407602567,-1.05281874924538,,,,,,,,,,,,,,,,,,,2018-07-01,1.61803995759015,1.39238816925392,0.424388053547408
2018-10-01,1.03136734169525,2.02158003879033,-1.20691385170744,2.17314025578196,-0.708373834510366,,,,,,,,,,,,,,,,,,,2018-10-01,1.63756317122068,1.39999048685109,0.428057900368396
2019-01-01,1.02845420858637,2.0751436157222,-1.26913225326847,1.87997152786875,-0.279764766626623,,,,,,,,,,,,,,,,,,,2019-01-01,1.65246159611988,1.40764246297994,0.432156848890002
2019-04-01,1.126380150624,2.16080037764576,-1.26604496002162,1.83754510742403,-0.286684515726458,,,,,,,,,,,,,,,,,,,2019-04-01,1.66310444686465,1.41509649877039,0.436673617672535
2019-07-01,1.24082581813093,2.29416010531838,-1.29925437649817,1.81289468150624,-0.671506580221411,,,,,,,,,,,,,,,,,,,2019-07-01,1.6722087411821,1.4221824801261,0.441599652535299
2019-10-01,1.19866382069092,2.31139677970376,-1.36050071557854,1.70160470836049,-1.04590724633446,,,,,,,,,,,,,,,,,,,2019-10-01,1.67812171851365,1.42933843566476,0.447139864502444
2020-01-01,1.21943227962961,2.30826155305037,-1.33626095264956,1.72665231569215,-1.49346715682753,,,,,,,,,,,,,,,,,,,2020-01-01,1.78858907286939,1.43581240270427,0.451367926843259
2020-04-01,1.18681543417209,2.28665040327236,-1.34495006376674,-0.921414305201242,-2.05255969708432,,,,,,,,,,,,,,,,,,,2020-04-01,1.85889218705171,1.44257937088072,0.455534644460563
2020-07-01,1.25725292071648,2.33887260587429,-1.33233268412838,5.1788718603197,-2.47751265588756,,,,,,,,,,,,,,,,,,,2020-07-01,1.91592009317298,1.44880470304321,0.45957007069062
2020-10-01,1.23575543205871,2.32279718322641,-1.33603156204686,5.90107665998129,-2.5837463785759,,,,,,,,,,,,,,,,,,,2020-10-01,1.94841848189416,1.45559051336819,0.464241962224116
2021-01-01,1.35439690361905,2.35273721439826,-1.25053951193705,6.52531255722751,-3.1674202964388,,,,,,,,,,,,,,,,,,,2021-01-01,1.98967766439303,1.46234545354327,0.469427552028707
2021-04-01,1.39139270677031,2.25783766702092,-1.10847150383653,6.89520400128122,-4.86238014083057,,,,,,,,,,,,,,,,,,,2021-04-01,1.98939357668295,1.46966302568522,0.475506985320532
2021-07-01,1.35207261638316,2.2621828270406,-1.15260252912002,6.43887681124073,-5.21544937782893,,,,,,,,,,,,,,,,,,,2021-07-01,2.01811067687606,1.47727945672754,0.482293678322454
2021-10-01,1.590492405805,2.45566762772426,-1.1284079409119,6.69784641765139,-6.28977638097282,,,,,,,,,,,,,,,,,,,2021-10-01,2.08539224616065,1.48407283546019,0.489392606210757
2022-01-01,1.31456754330221,2.21310241618547,-1.13576606811694,5.75622879458526,-6.54132129352597,,,,,,,,,,,,,,,,,,,2022-01-01,2.11184265606086,1.49120807544268,0.49646887510324
2022-04-01,1.10237515075726,2.07738938856909,-1.19769781721229,4.06509501531823,-5.36210577097724,,,,,,,,,,,,,,,,,,,2022-04-01,2.1457845428444,1.4987438983956,0.503668432758863
2022-07-01,1.18956928721729,2.15990797274052,-1.20186775811407,3.67992758470653,-4.02862426457489,,,,,,,,,,,,,,,,,,,2022-07-01,2.19707990422022,1.50629778524739,0.511342064152088
2022-10-01,1.13124200064797,2.12963759313017,-1.22667986343955,3.40102353761418,-2.32686790800695,,,,,,,,,,,,,,,,,,,2022-10-01,2.22665227744242,1.51435644106606,0.520187404664592
2023-01-01,1.06711607646728,2.10370311918657,-1.26209129490914,3.14649481731222,-1.11249892767075,,,,,,,,,,,,,,,,,,,2023-01-01,2.23959308644306,1.52323410524219,0.530575785145294
2023-04-01,0.891807304570285,2.14550385353024,-1.48368158708066,2.15329801357473,-0.177623205391265,,,,,,,,,,,,,,,,,,,2023-04-01,2.24109187537243,1.53296987916666,0.542647691828565
2023-07-01,0.853889042860799,2.37713047759067,-1.77805544618319,0.755284958670636,0.856938309099672,,,,,,,,,,,,,,,,,,,2023-07-01,2.24507440938563,1.54309975664111,0.556396307058048
2023-10-01,0.762904150006411,2.39809643022773,-1.89225371500531,0.334393234707458,1.67015255210449,,,,,,,,,,,,,,,,,,,2023-10-01,2.24604530494447,1.55386822169933,0.571847312184269
2024-01-01,0.766620424850092,2.2649156416186,-1.7410804764271,0.701801960660216,1.95691291678008,,,,,,,,,,,,,,,,,,,2024-01-01,2.23769434378189,1.56552165824554,0.589054774938165
2024-04-01,0.741496184100607,2.32012424631449,-1.82733135042072,0.09709280112129,2.19774563519582,,,,,,,,,,,,,,,,,,,2024-04-01,2.21649891227246,1.56552165824554,0.589054774938165
